"method","logl"
"tsb",-1.71136611443385
"tsb_default",-1.7131979348739
"vb",-1.91856044178393
"sp1",-1.72449010315044
"sp2",-1.90592824331032
"pensp",-1.72375665195723
